Date,Price,Year,Month,Month_Sin,Month_Cos,Major_Event,Event_Label,Price_Lag1,Price_Lag2,Price_Lag3
01-04-2000,279.69,2000,4,0.8660254037844387,-0.4999999999999998,Dot-com Crash,1,286.39,299.86,284.32
01-05-2000,275.19,2000,5,0.49999999999999994,-0.8660254037844387,Dot-com Crash,1,279.69,286.39,299.86
01-06-2000,285.73,2000,6,1.2246467991473532e-16,-1.0,Dot-com Crash,1,275.19,279.69,286.39
01-07-2000,281.59,2000,7,-0.4999999999999997,-0.8660254037844388,Dot-com Crash,1,285.73,275.19,279.69
01-08-2000,274.47,2000,8,-0.8660254037844385,-0.5000000000000004,Dot-com Crash,1,281.59,285.73,275.19
01-09-2000,273.68,2000,9,-1.0,-1.8369701987210297e-16,Dot-com Crash,1,274.47,281.59,285.73
01-10-2000,270.0,2000,10,-0.8660254037844386,0.5000000000000001,Dot-com Crash,1,273.68,274.47,281.59
01-11-2000,266.01,2000,11,-0.5000000000000004,0.8660254037844384,Dot-com Crash,1,270.0,273.68,274.47
01-12-2000,271.45,2000,12,-2.4492935982947064e-16,1.0,Dot-com Crash,1,266.01,270.0,273.68
01-01-2001,265.49,2001,1,0.49999999999999994,0.8660254037844387,Dot-com Crash,1,271.45,266.01,270.0
01-02-2001,261.87,2001,2,0.8660254037844386,0.5000000000000001,Dot-com Crash,1,265.49,271.45,266.01
01-03-2001,263.03,2001,3,1.0,6.123233995736766e-17,Dot-com Crash,1,261.87,265.49,271.45
01-04-2001,260.48,2001,4,0.8660254037844387,-0.4999999999999998,Dot-com Crash,1,263.03,261.87,265.49
01-05-2001,272.36,2001,5,0.49999999999999994,-0.8660254037844387,Dot-com Crash,1,260.48,263.03,261.87
01-06-2001,270.23,2001,6,1.2246467991473532e-16,-1.0,Dot-com Crash,1,272.36,260.48,263.03
01-07-2001,267.53,2001,7,-0.4999999999999997,-0.8660254037844388,Dot-com Crash,1,270.23,272.36,260.48
01-08-2001,272.39,2001,8,-0.8660254037844385,-0.5000000000000004,Dot-com Crash,1,267.53,270.23,272.36
01-09-2001,283.42,2001,9,-1.0,-1.8369701987210297e-16,9/11 Attacks,2,272.39,267.53,270.23
01-10-2001,283.06,2001,10,-0.8660254037844386,0.5000000000000001,9/11 Attacks,2,283.42,272.39,267.53
01-11-2001,276.16,2001,11,-0.5000000000000004,0.8660254037844384,9/11 Attacks,2,283.06,283.42,272.39
01-12-2001,275.85,2001,12,-2.4492935982947064e-16,1.0,9/11 Attacks,2,276.16,283.06,283.42
01-01-2002,281.51,2002,1,0.49999999999999994,0.8660254037844387,9/11 Attacks,2,275.85,276.16,283.06
01-02-2002,295.5,2002,2,0.8660254037844386,0.5000000000000001,9/11 Attacks,2,281.51,275.85,276.16
01-03-2002,294.06,2002,3,1.0,6.123233995736766e-17,9/11 Attacks,2,295.5,281.51,275.85
01-04-2002,302.68,2002,4,0.8660254037844387,-0.4999999999999998,Dot-com Crash,1,294.06,295.5,281.51
01-05-2002,314.49,2002,5,0.49999999999999994,-0.8660254037844387,Dot-com Crash,1,302.68,294.06,295.5
01-06-2002,321.18,2002,6,1.2246467991473532e-16,-1.0,Dot-com Crash,1,314.49,302.68,294.06
01-07-2002,313.29,2002,7,-0.4999999999999997,-0.8660254037844388,Dot-com Crash,1,321.18,314.49,302.68
01-08-2002,310.26,2002,8,-0.8660254037844385,-0.5000000000000004,Dot-com Crash,1,313.29,321.18,314.49
01-09-2002,319.14,2002,9,-1.0,-1.8369701987210297e-16,Dot-com Crash,1,310.26,313.29,321.18
01-10-2002,316.56,2002,10,-0.8660254037844386,0.5000000000000001,Dot-com Crash,1,319.14,310.26,313.29
01-11-2002,319.07,2002,11,-0.5000000000000004,0.8660254037844384,Normal,0,316.56,319.14,310.26
01-12-2002,331.92,2002,12,-2.4492935982947064e-16,1.0,Normal,0,319.07,316.56,319.14
01-01-2003,356.859,2003,1,0.49999999999999994,0.8660254037844387,Normal,0,331.92,319.07,316.56
01-02-2003,358.97,2003,2,0.8660254037844386,0.5000000000000001,Normal,0,356.859,331.92,319.07
01-03-2003,340.55,2003,3,1.0,6.123233995736766e-17,Normal,0,358.97,356.859,331.92
01-04-2003,328.18,2003,4,0.8660254037844387,-0.4999999999999998,Normal,0,340.55,358.97,356.859
01-05-2003,355.683,2003,5,0.49999999999999994,-0.8660254037844387,Normal,0,328.18,340.55,358.97
01-06-2003,356.352,2003,6,1.2246467991473532e-16,-1.0,Normal,0,355.683,328.18,340.55
01-07-2003,351.02,2003,7,-0.4999999999999997,-0.8660254037844388,Normal,0,356.352,355.683,328.18
01-08-2003,359.768,2003,8,-0.8660254037844385,-0.5000000000000004,Normal,0,351.02,356.352,355.683
01-09-2003,378.945,2003,9,-1.0,-1.8369701987210297e-16,Normal,0,359.768,351.02,356.352
01-10-2003,378.92,2003,10,-0.8660254037844386,0.5000000000000001,Normal,0,378.945,359.768,351.02
01-11-2003,389.91,2003,11,-0.5000000000000004,0.8660254037844384,Normal,0,378.92,378.945,359.768
01-12-2003,406.953,2003,12,-2.4492935982947064e-16,1.0,Normal,0,389.91,378.92,378.945
01-01-2004,413.788,2004,1,0.49999999999999994,0.8660254037844387,Normal,0,406.953,389.91,378.92
01-02-2004,404.878,2004,2,0.8660254037844386,0.5000000000000001,Normal,0,413.788,406.953,389.91
01-03-2004,406.667,2004,3,1.0,6.123233995736766e-17,Normal,0,404.878,413.788,406.953
01-04-2004,403.26,2004,4,0.8660254037844387,-0.4999999999999998,Normal,0,406.667,404.878,413.788
01-05-2004,383.779,2004,5,0.49999999999999994,-0.8660254037844387,Normal,0,403.26,406.667,404.878
01-06-2004,392.373,2004,6,1.2246467991473532e-16,-1.0,Normal,0,383.779,403.26,406.667
01-07-2004,398.091,2004,7,-0.4999999999999997,-0.8660254037844388,Normal,0,392.373,383.779,403.26
01-08-2004,400.51,2004,8,-0.8660254037844385,-0.5000000000000004,Normal,0,398.091,392.373,383.779
01-09-2004,405.275,2004,9,-1.0,-1.8369701987210297e-16,Normal,0,400.51,398.091,392.373
01-10-2004,420.464,2004,10,-0.8660254037844386,0.5000000000000001,Normal,0,405.275,400.51,398.091
01-11-2004,439.375,2004,11,-0.5000000000000004,0.8660254037844384,Normal,0,420.464,405.275,400.51
01-12-2004,442.079,2004,12,-2.4492935982947064e-16,1.0,Normal,0,439.375,420.464,405.275
01-01-2005,424.03,2005,1,0.49999999999999994,0.8660254037844387,Normal,0,442.079,439.375,420.464
01-02-2005,423.35,2005,2,0.8660254037844386,0.5000000000000001,Normal,0,424.03,442.079,439.375
01-03-2005,433.85,2005,3,1.0,6.123233995736766e-17,Normal,0,423.35,424.03,442.079
01-04-2005,429.233,2005,4,0.8660254037844387,-0.4999999999999998,Normal,0,433.85,423.35,424.03
01-05-2005,421.873,2005,5,0.49999999999999994,-0.8660254037844387,Normal,0,429.233,433.85,423.35
01-06-2005,430.657,2005,6,1.2246467991473532e-16,-1.0,Normal,0,421.873,429.233,433.85
01-07-2005,424.479,2005,7,-0.4999999999999997,-0.8660254037844388,Normal,0,430.657,421.873,429.233
01-08-2005,437.93,2005,8,-0.8660254037844385,-0.5000000000000004,Normal,0,424.479,430.657,421.873
01-09-2005,456.048,2005,9,-1.0,-1.8369701987210297e-16,Normal,0,437.93,424.479,430.657
01-10-2005,469.898,2005,10,-0.8660254037844386,0.5000000000000001,Normal,0,456.048,437.93,424.479
01-11-2005,476.666,2005,11,-0.5000000000000004,0.8660254037844384,Normal,0,469.898,456.048,437.93
01-12-2005,510.097,2005,12,-2.4492935982947064e-16,1.0,Normal,0,476.666,469.898,456.048
01-01-2006,549.864,2006,1,0.49999999999999994,0.8660254037844387,Normal,0,510.097,476.666,469.898
01-02-2006,554.995,2006,2,0.8660254037844386,0.5000000000000001,Normal,0,549.864,510.097,476.666
01-03-2006,557.093,2006,3,1.0,6.123233995736766e-17,Normal,0,554.995,549.864,510.097
01-04-2006,610.653,2006,4,0.8660254037844387,-0.4999999999999998,Normal,0,557.093,554.995,549.864
01-05-2006,675.393,2006,5,0.49999999999999994,-0.8660254037844387,Normal,0,610.653,557.093,554.995
01-06-2006,596.145,2006,6,1.2246467991473532e-16,-1.0,Normal,0,675.393,610.653,557.093
01-07-2006,633.71,2006,7,-0.4999999999999997,-0.8660254037844388,Normal,0,596.145,675.393,610.653
01-08-2006,632.593,2006,8,-0.8660254037844385,-0.5000000000000004,Normal,0,633.71,596.145,675.393
01-09-2006,598.186,2006,9,-1.0,-1.8369701987210297e-16,Normal,0,632.593,633.71,596.145
01-10-2006,585.78,2006,10,-0.8660254037844386,0.5000000000000001,Normal,0,598.186,632.593,633.71
01-11-2006,627.827,2006,11,-0.5000000000000004,0.8660254037844384,Normal,0,585.78,598.186,632.593
01-12-2006,629.791,2006,12,-2.4492935982947064e-16,1.0,Normal,0,627.827,585.78,598.186
01-01-2007,631.166,2007,1,0.49999999999999994,0.8660254037844387,Normal,0,629.791,627.827,585.78
01-02-2007,664.745,2007,2,0.8660254037844386,0.5000000000000001,Normal,0,631.166,629.791,627.827
01-03-2007,654.895,2007,3,1.0,6.123233995736766e-17,Normal,0,664.745,631.166,629.791
01-04-2007,679.368,2007,4,0.8660254037844387,-0.4999999999999998,Normal,0,654.895,664.745,631.166
01-05-2007,667.31,2007,5,0.49999999999999994,-0.8660254037844387,Normal,0,679.368,654.895,664.745
01-06-2007,655.66,2007,6,1.2246467991473532e-16,-1.0,Normal,0,667.31,679.368,654.895
01-07-2007,665.38,2007,7,-0.4999999999999997,-0.8660254037844388,Normal,0,655.66,667.31,679.368
01-08-2007,665.411,2007,8,-0.8660254037844385,-0.5000000000000004,Normal,0,665.38,655.66,667.31
01-09-2007,712.653,2007,9,-1.0,-1.8369701987210297e-16,Normal,0,665.411,665.38,655.66
01-10-2007,754.604,2007,10,-0.8660254037844386,0.5000000000000001,Normal,0,712.653,665.411,665.38
01-11-2007,806.248,2007,11,-0.5000000000000004,0.8660254037844384,Normal,0,754.604,712.653,665.411
01-12-2007,803.203,2007,12,-2.4492935982947064e-16,1.0,Normal,0,806.248,754.604,712.653
01-01-2008,889.595,2008,1,0.49999999999999994,0.8660254037844387,Normal,0,803.203,806.248,754.604
01-02-2008,922.298,2008,2,0.8660254037844386,0.5000000000000001,Normal,0,889.595,803.203,806.248
01-03-2008,968.434,2008,3,1.0,6.123233995736766e-17,Normal,0,922.298,889.595,803.203
01-04-2008,909.705,2008,4,0.8660254037844387,-0.4999999999999998,Normal,0,968.434,922.298,889.595
01-05-2008,888.663,2008,5,0.49999999999999994,-0.8660254037844387,Normal,0,909.705,968.434,922.298
01-06-2008,889.488,2008,6,1.2246467991473532e-16,-1.0,Normal,0,888.663,909.705,968.434
01-07-2008,939.772,2008,7,-0.4999999999999997,-0.8660254037844388,Normal,0,889.488,888.663,909.705
01-08-2008,839.025,2008,8,-0.8660254037844385,-0.5000000000000004,Normal,0,939.772,889.488,888.663
01-09-2008,829.932,2008,9,-1.0,-1.8369701987210297e-16,Global Financial Crisis,3,839.025,939.772,889.488
01-10-2008,806.62,2008,10,-0.8660254037844386,0.5000000000000001,Global Financial Crisis,3,829.932,839.025,939.772
01-11-2008,760.863,2008,11,-0.5000000000000004,0.8660254037844384,Global Financial Crisis,3,806.62,829.932,839.025
01-12-2008,816.092,2008,12,-2.4492935982947064e-16,1.0,Global Financial Crisis,3,760.863,806.62,829.932
01-01-2009,858.69,2009,1,0.49999999999999994,0.8660254037844387,Global Financial Crisis,3,816.092,760.863,806.62
01-02-2009,943.0,2009,2,0.8660254037844386,0.5000000000000001,Global Financial Crisis,3,858.69,816.092,760.863
01-03-2009,924.273,2009,3,1.0,6.123233995736766e-17,Global Financial Crisis,3,943.0,858.69,816.092
01-04-2009,890.2,2009,4,0.8660254037844387,-0.4999999999999998,Global Financial Crisis,3,924.273,943.0,858.69
01-05-2009,928.645,2009,5,0.49999999999999994,-0.8660254037844387,Global Financial Crisis,3,890.2,924.273,943.0
01-06-2009,945.67,2009,6,1.2246467991473532e-16,-1.0,Global Financial Crisis,3,928.645,890.2,924.273
01-07-2009,934.228,2009,7,-0.4999999999999997,-0.8660254037844388,Global Financial Crisis,3,945.67,928.645,890.2
01-08-2009,949.375,2009,8,-0.8660254037844385,-0.5000000000000004,Global Financial Crisis,3,934.228,945.67,928.645
01-09-2009,996.591,2009,9,-1.0,-1.8369701987210297e-16,Global Financial Crisis,3,949.375,934.228,945.67
01-10-2009,1043.159,2009,10,-0.8660254037844386,0.5000000000000001,Global Financial Crisis,3,996.591,949.375,934.228
01-11-2009,1127.036,2009,11,-0.5000000000000004,0.8660254037844384,Global Financial Crisis,3,1043.159,996.591,949.375
01-12-2009,1134.724,2009,12,-2.4492935982947064e-16,1.0,Global Financial Crisis,3,1127.036,1043.159,996.591
01-01-2010,1117.963,2010,1,0.49999999999999994,0.8660254037844387,Normal,0,1134.724,1127.036,1043.159
01-02-2010,1095.413,2010,2,0.8660254037844386,0.5000000000000001,Normal,0,1117.963,1134.724,1127.036
01-03-2010,1113.337,2010,3,1.0,6.123233995736766e-17,Normal,0,1095.413,1117.963,1134.724
01-04-2010,1148.688,2010,4,0.8660254037844387,-0.4999999999999998,European Debt Crisis,4,1113.337,1095.413,1117.963
01-05-2010,1205.434,2010,5,0.49999999999999994,-0.8660254037844387,European Debt Crisis,4,1148.688,1113.337,1095.413
01-06-2010,1232.92,2010,6,1.2246467991473532e-16,-1.0,European Debt Crisis,4,1205.434,1148.688,1113.337
01-07-2010,1192.966,2010,7,-0.4999999999999997,-0.8660254037844388,European Debt Crisis,4,1232.92,1205.434,1148.688
01-08-2010,1215.81,2010,8,-0.8660254037844385,-0.5000000000000004,European Debt Crisis,4,1192.966,1232.92,1205.434
01-09-2010,1270.977,2010,9,-1.0,-1.8369701987210297e-16,European Debt Crisis,4,1215.81,1192.966,1232.92
01-10-2010,1342.024,2010,10,-0.8660254037844386,0.5000000000000001,European Debt Crisis,4,1270.977,1215.81,1192.966
01-11-2010,1369.886,2010,11,-0.5000000000000004,0.8660254037844384,European Debt Crisis,4,1342.024,1270.977,1215.81
01-12-2010,1390.553,2010,12,-2.4492935982947064e-16,1.0,European Debt Crisis,4,1369.886,1342.024,1270.977
01-01-2011,1360.46,2011,1,0.49999999999999994,0.8660254037844387,European Debt Crisis,4,1390.553,1369.886,1342.024
01-02-2011,1374.68,2011,2,0.8660254037844386,0.5000000000000001,European Debt Crisis,4,1360.46,1390.553,1369.886
01-03-2011,1423.26,2011,3,1.0,6.123233995736766e-17,European Debt Crisis,4,1374.68,1360.46,1390.553
01-04-2011,1480.89,2011,4,0.8660254037844387,-0.4999999999999998,European Debt Crisis,4,1423.26,1374.68,1360.46
01-05-2011,1512.58,2011,5,0.49999999999999994,-0.8660254037844387,European Debt Crisis,4,1480.89,1423.26,1374.68
01-06-2011,1529.36,2011,6,1.2246467991473532e-16,-1.0,European Debt Crisis,4,1512.58,1480.89,1423.26
01-07-2011,1572.75,2011,7,-0.4999999999999997,-0.8660254037844388,European Debt Crisis,4,1529.36,1512.58,1480.89
01-08-2011,1759.01,2011,8,-0.8660254037844385,-0.5000000000000004,European Debt Crisis,4,1572.75,1529.36,1512.58
01-09-2011,1772.14,2011,9,-1.0,-1.8369701987210297e-16,European Debt Crisis,4,1759.01,1572.75,1529.36
01-10-2011,1666.43,2011,10,-0.8660254037844386,0.5000000000000001,European Debt Crisis,4,1772.14,1759.01,1572.75
01-11-2011,1739.0,2011,11,-0.5000000000000004,0.8660254037844384,European Debt Crisis,4,1666.43,1772.14,1759.01
01-12-2011,1639.97,2011,12,-2.4492935982947064e-16,1.0,European Debt Crisis,4,1739.0,1666.43,1772.14
01-01-2012,1654.05,2012,1,0.49999999999999994,0.8660254037844387,European Debt Crisis,4,1639.97,1739.0,1666.43
01-02-2012,1744.82,2012,2,0.8660254037844386,0.5000000000000001,European Debt Crisis,4,1654.05,1639.97,1739.0
01-03-2012,1675.95,2012,3,1.0,6.123233995736766e-17,European Debt Crisis,4,1744.82,1654.05,1639.97
01-04-2012,1649.2,2012,4,0.8660254037844387,-0.4999999999999998,European Debt Crisis,4,1675.95,1744.82,1654.05
01-05-2012,1589.04,2012,5,0.49999999999999994,-0.8660254037844387,European Debt Crisis,4,1649.2,1675.95,1744.82
01-06-2012,1598.76,2012,6,1.2246467991473532e-16,-1.0,European Debt Crisis,4,1589.04,1649.2,1675.95
01-07-2012,1594.29,2012,7,-0.4999999999999997,-0.8660254037844388,European Debt Crisis,4,1598.76,1589.04,1649.2
01-08-2012,1630.31,2012,8,-0.8660254037844385,-0.5000000000000004,European Debt Crisis,4,1594.29,1598.76,1589.04
01-09-2012,1744.81,2012,9,-1.0,-1.8369701987210297e-16,European Debt Crisis,4,1630.31,1594.29,1598.76
01-10-2012,1746.58,2012,10,-0.8660254037844386,0.5000000000000001,European Debt Crisis,4,1744.81,1630.31,1594.29
01-11-2012,1721.64,2012,11,-0.5000000000000004,0.8660254037844384,European Debt Crisis,4,1746.58,1744.81,1630.31
01-12-2012,1684.762,2012,12,-2.4492935982947064e-16,1.0,European Debt Crisis,4,1721.64,1746.58,1744.81
01-01-2013,1671.848,2013,1,0.49999999999999994,0.8660254037844387,Normal,0,1684.762,1721.64,1746.58
01-02-2013,1627.57,2013,2,0.8660254037844386,0.5000000000000001,Normal,0,1671.848,1684.762,1721.64
01-03-2013,1593.086,2013,3,1.0,6.123233995736766e-17,Normal,0,1627.57,1671.848,1684.762
01-04-2013,1487.857,2013,4,0.8660254037844387,-0.4999999999999998,Normal,0,1593.086,1627.57,1671.848
01-05-2013,1414.027,2013,5,0.49999999999999994,-0.8660254037844387,Normal,0,1487.857,1593.086,1627.57
01-06-2013,1343.35,2013,6,1.2246467991473532e-16,-1.0,Normal,0,1414.027,1487.857,1593.086
01-07-2013,1285.516,2013,7,-0.4999999999999997,-0.8660254037844388,Normal,0,1343.35,1414.027,1487.857
01-08-2013,1351.742,2013,8,-0.8660254037844385,-0.5000000000000004,Normal,0,1285.516,1343.35,1414.027
01-09-2013,1348.6,2013,9,-1.0,-1.8369701987210297e-16,Normal,0,1351.742,1285.516,1343.35
01-10-2013,1316.58,2013,10,-0.8660254037844386,0.5000000000000001,Normal,0,1348.6,1351.742,1285.516
01-11-2013,1275.86,2013,11,-0.5000000000000004,0.8660254037844384,Normal,0,1316.58,1348.6,1351.742
01-12-2013,1221.512,2013,12,-2.4492935982947064e-16,1.0,Normal,0,1275.86,1316.58,1348.6
01-01-2014,1244.27,2014,1,0.49999999999999994,0.8660254037844387,Normal,0,1221.512,1275.86,1316.58
01-02-2014,1299.58,2014,2,0.8660254037844386,0.5000000000000001,Normal,0,1244.27,1221.512,1275.86
01-03-2014,1336.08,2014,3,1.0,6.123233995736766e-17,Normal,0,1299.58,1244.27,1221.512
01-04-2014,1298.45,2014,4,0.8660254037844387,-0.4999999999999998,Normal,0,1336.08,1299.58,1244.27
01-05-2014,1288.74,2014,5,0.49999999999999994,-0.8660254037844387,Normal,0,1298.45,1336.08,1299.58
01-06-2014,1279.1,2014,6,1.2246467991473532e-16,-1.0,Oil Price Crash,5,1288.74,1298.45,1336.08
01-07-2014,1310.59,2014,7,-0.4999999999999997,-0.8660254037844388,Oil Price Crash,5,1279.1,1288.74,1298.45
01-08-2014,1295.13,2014,8,-0.8660254037844385,-0.5000000000000004,Oil Price Crash,5,1310.59,1279.1,1288.74
01-09-2014,1236.55,2014,9,-1.0,-1.8369701987210297e-16,Oil Price Crash,5,1295.13,1310.59,1279.1
01-10-2014,1222.49,2014,10,-0.8660254037844386,0.5000000000000001,Oil Price Crash,5,1236.55,1295.13,1310.59
01-11-2014,1175.33,2014,11,-0.5000000000000004,0.8660254037844384,Oil Price Crash,5,1222.49,1236.55,1295.13
01-12-2014,1200.62,2014,12,-2.4492935982947064e-16,1.0,Oil Price Crash,5,1175.33,1222.49,1236.55
01-01-2015,1250.75,2015,1,0.49999999999999994,0.8660254037844387,Oil Price Crash,5,1200.62,1175.33,1222.49
01-02-2015,1227.08,2015,2,0.8660254037844386,0.5000000000000001,Oil Price Crash,5,1250.75,1200.62,1175.33
01-03-2015,1178.63,2015,3,1.0,6.123233995736766e-17,Oil Price Crash,5,1227.08,1250.75,1200.62
01-04-2015,1198.93,2015,4,0.8660254037844387,-0.4999999999999998,Oil Price Crash,5,1178.63,1227.08,1250.75
01-05-2015,1198.63,2015,5,0.49999999999999994,-0.8660254037844387,Oil Price Crash,5,1198.93,1178.63,1227.08
01-06-2015,1181.5,2015,6,1.2246467991473532e-16,-1.0,Oil Price Crash,5,1198.63,1198.93,1178.63
01-07-2015,1128.31,2015,7,-0.4999999999999997,-0.8660254037844388,Oil Price Crash,5,1181.5,1198.63,1198.93
01-08-2015,1117.93,2015,8,-0.8660254037844385,-0.5000000000000004,Oil Price Crash,5,1128.31,1181.5,1198.63
01-09-2015,1124.77,2015,9,-1.0,-1.8369701987210297e-16,Oil Price Crash,5,1117.93,1128.31,1181.5
01-10-2015,1159.25,2015,10,-0.8660254037844386,0.5000000000000001,Oil Price Crash,5,1124.77,1117.93,1128.31
01-11-2015,1086.44,2015,11,-0.5000000000000004,0.8660254037844384,Oil Price Crash,5,1159.25,1124.77,1117.93
01-12-2015,1075.74,2015,12,-2.4492935982947064e-16,1.0,Oil Price Crash,5,1086.44,1159.25,1124.77
01-01-2016,1097.91,2016,1,0.49999999999999994,0.8660254037844387,Normal,0,1075.74,1086.44,1159.25
01-02-2016,1199.5,2016,2,0.8660254037844386,0.5000000000000001,Normal,0,1097.91,1075.74,1086.44
01-03-2016,1245.14,2016,3,1.0,6.123233995736766e-17,Normal,0,1199.5,1097.91,1075.74
01-04-2016,1242.26,2016,4,0.8660254037844387,-0.4999999999999998,Normal,0,1245.14,1199.5,1097.91
01-05-2016,1260.95,2016,5,0.49999999999999994,-0.8660254037844387,Normal,0,1242.26,1245.14,1199.5
01-06-2016,1276.4,2016,6,1.2246467991473532e-16,-1.0,Normal,0,1260.95,1242.26,1245.14
01-07-2016,1336.66,2016,7,-0.4999999999999997,-0.8660254037844388,Normal,0,1276.4,1260.95,1242.26
01-08-2016,1340.17,2016,8,-0.8660254037844385,-0.5000000000000004,Normal,0,1336.66,1276.4,1260.95
01-09-2016,1326.61,2016,9,-1.0,-1.8369701987210297e-16,Normal,0,1340.17,1336.66,1276.4
01-10-2016,1266.55,2016,10,-0.8660254037844386,0.5000000000000001,Normal,0,1326.61,1340.17,1336.66
01-11-2016,1238.35,2016,11,-0.5000000000000004,0.8660254037844384,Normal,0,1266.55,1326.61,1340.17
01-12-2016,1157.36,2016,12,-2.4492935982947064e-16,1.0,Normal,0,1238.35,1266.55,1326.61
01-01-2017,1192.1,2017,1,0.49999999999999994,0.8660254037844387,Normal,0,1157.36,1238.35,1266.55
01-02-2017,1234.2,2017,2,0.8660254037844386,0.5000000000000001,Normal,0,1192.1,1157.36,1238.35
01-03-2017,1231.42,2017,3,1.0,6.123233995736766e-17,Normal,0,1234.2,1192.1,1157.36
01-04-2017,1266.88,2017,4,0.8660254037844387,-0.4999999999999998,Normal,0,1231.42,1234.2,1192.1
01-05-2017,1246.04,2017,5,0.49999999999999994,-0.8660254037844387,Normal,0,1266.88,1231.42,1234.2
01-06-2017,1260.26,2017,6,1.2246467991473532e-16,-1.0,Normal,0,1246.04,1266.88,1231.42
01-07-2017,1236.84,2017,7,-0.4999999999999997,-0.8660254037844388,Normal,0,1260.26,1246.04,1266.88
01-08-2017,1283.04,2017,8,-0.8660254037844385,-0.5000000000000004,Normal,0,1236.84,1260.26,1246.04
01-09-2017,1314.07,2017,9,-1.0,-1.8369701987210297e-16,Normal,0,1283.04,1236.84,1260.26
01-10-2017,1279.51,2017,10,-0.8660254037844386,0.5000000000000001,Normal,0,1314.07,1283.04,1236.84
01-11-2017,1281.9,2017,11,-0.5000000000000004,0.8660254037844384,Normal,0,1279.51,1314.07,1283.04
01-12-2017,1264.45,2017,12,-2.4492935982947064e-16,1.0,Normal,0,1281.9,1279.51,1314.07
01-01-2018,1331.3,2018,1,0.49999999999999994,0.8660254037844387,Normal,0,1264.45,1281.9,1279.51
01-02-2018,1330.73,2018,2,0.8660254037844386,0.5000000000000001,Normal,0,1331.3,1264.45,1281.9
01-03-2018,1324.66,2018,3,1.0,6.123233995736766e-17,Normal,0,1330.73,1331.3,1264.45
01-04-2018,1334.76,2018,4,0.8660254037844387,-0.4999999999999998,Normal,0,1324.66,1330.73,1331.3
01-05-2018,1303.45,2018,5,0.49999999999999994,-0.8660254037844387,Normal,0,1334.76,1324.66,1330.73
01-06-2018,1281.57,2018,6,1.2246467991473532e-16,-1.0,Normal,0,1303.45,1334.76,1324.66
01-07-2018,1237.71,2018,7,-0.4999999999999997,-0.8660254037844388,Normal,0,1281.57,1303.45,1334.76
01-08-2018,1201.71,2018,8,-0.8660254037844385,-0.5000000000000004,Normal,0,1237.71,1281.57,1303.45
01-09-2018,1198.39,2018,9,-1.0,-1.8369701987210297e-16,Normal,0,1201.71,1237.71,1281.57
01-10-2018,1215.39,2018,10,-0.8660254037844386,0.5000000000000001,Normal,0,1198.39,1201.71,1237.71
01-11-2018,1220.65,2018,11,-0.5000000000000004,0.8660254037844384,Normal,0,1215.39,1198.39,1201.71
01-12-2018,1250.4,2018,12,-2.4492935982947064e-16,1.0,Normal,0,1220.65,1215.39,1198.39
01-01-2019,1291.75,2019,1,0.49999999999999994,0.8660254037844387,Normal,0,1250.4,1220.65,1215.39
01-02-2019,1320.07,2019,2,0.8660254037844386,0.5000000000000001,Normal,0,1291.75,1250.4,1220.65
01-03-2019,1300.9,2019,3,1.0,6.123233995736766e-17,Normal,0,1320.07,1291.75,1250.4
01-04-2019,1285.91,2019,4,0.8660254037844387,-0.4999999999999998,Normal,0,1300.9,1320.07,1291.75
01-05-2019,1283.7,2019,5,0.49999999999999994,-0.8660254037844387,Normal,0,1285.91,1300.9,1320.07
01-06-2019,1359.04,2019,6,1.2246467991473532e-16,-1.0,Normal,0,1283.7,1285.91,1300.9
01-07-2019,1412.89,2019,7,-0.4999999999999997,-0.8660254037844388,Normal,0,1359.04,1283.7,1285.91
01-08-2019,1500.41,2019,8,-0.8660254037844385,-0.5000000000000004,Normal,0,1412.89,1359.04,1283.7
01-09-2019,1510.58,2019,9,-1.0,-1.8369701987210297e-16,Normal,0,1500.41,1412.89,1359.04
01-10-2019,1494.81,2019,10,-0.8660254037844386,0.5000000000000001,Normal,0,1510.58,1500.41,1412.89
01-11-2019,1470.79,2019,11,-0.5000000000000004,0.8660254037844384,COVID-19 Pandemic,6,1494.81,1510.58,1500.41
01-12-2019,1479.13,2019,12,-2.4492935982947064e-16,1.0,COVID-19 Pandemic,6,1470.79,1494.81,1510.58
01-01-2020,1560.67,2020,1,0.49999999999999994,0.8660254037844387,COVID-19 Pandemic,6,1479.13,1470.79,1494.81
01-02-2020,1597.1,2020,2,0.8660254037844386,0.5000000000000001,COVID-19 Pandemic,6,1560.67,1479.13,1470.79
01-03-2020,1591.93,2020,3,1.0,6.123233995736766e-17,COVID-19 Pandemic,6,1597.1,1560.67,1479.13
01-04-2020,1683.17,2020,4,0.8660254037844387,-0.4999999999999998,COVID-19 Pandemic,6,1591.93,1597.1,1560.67
01-05-2020,1715.91,2020,5,0.49999999999999994,-0.8660254037844387,COVID-19 Pandemic,6,1683.17,1591.93,1597.1
01-06-2020,1732.22,2020,6,1.2246467991473532e-16,-1.0,COVID-19 Pandemic,6,1715.91,1683.17,1591.93
01-07-2020,1846.51,2020,7,-0.4999999999999997,-0.8660254037844388,COVID-19 Pandemic,6,1732.22,1715.91,1683.17
01-08-2020,1968.63,2020,8,-0.8660254037844385,-0.5000000000000004,COVID-19 Pandemic,6,1846.51,1732.22,1715.91
01-09-2020,1921.92,2020,9,-1.0,-1.8369701987210297e-16,COVID-19 Pandemic,6,1968.63,1846.51,1732.22
01-10-2020,1900.27,2020,10,-0.8660254037844386,0.5000000000000001,COVID-19 Pandemic,6,1921.92,1968.63,1846.51
01-11-2020,1866.3,2020,11,-0.5000000000000004,0.8660254037844384,COVID-19 Pandemic,6,1900.27,1921.92,1968.63
01-12-2020,1858.42,2020,12,-2.4492935982947064e-16,1.0,COVID-19 Pandemic,6,1866.3,1900.27,1921.92
01-01-2021,1866.98,2021,1,0.49999999999999994,0.8660254037844387,COVID-19 Pandemic,6,1858.42,1866.3,1900.27
01-02-2021,1808.17,2021,2,0.8660254037844386,0.5000000000000001,COVID-19 Pandemic,6,1866.98,1858.42,1866.3
01-03-2021,1718.23,2021,3,1.0,6.123233995736766e-17,COVID-19 Pandemic,6,1808.17,1866.98,1858.42
01-04-2021,1760.04,2021,4,0.8660254037844387,-0.4999999999999998,COVID-19 Pandemic,6,1718.23,1808.17,1866.98
01-05-2021,1850.26,2021,5,0.49999999999999994,-0.8660254037844387,COVID-19 Pandemic,6,1760.04,1718.23,1808.17
01-06-2021,1834.57,2021,6,1.2246467991473532e-16,-1.0,COVID-19 Pandemic,6,1850.26,1760.04,1718.23
01-07-2021,1807.84,2021,7,-0.4999999999999997,-0.8660254037844388,COVID-19 Pandemic,6,1834.57,1850.26,1760.04
01-08-2021,1785.28,2021,8,-0.8660254037844385,-0.5000000000000004,COVID-19 Pandemic,6,1807.84,1834.57,1850.26
01-09-2021,1775.14,2021,9,-1.0,-1.8369701987210297e-16,COVID-19 Pandemic,6,1785.28,1807.84,1834.57
01-10-2021,1776.85,2021,10,-0.8660254037844386,0.5000000000000001,COVID-19 Pandemic,6,1775.14,1785.28,1807.84
01-11-2021,1821.76,2021,11,-0.5000000000000004,0.8660254037844384,COVID-19 Pandemic,6,1776.85,1775.14,1785.28
01-12-2021,1790.43,2021,12,-2.4492935982947064e-16,1.0,COVID-19 Pandemic,6,1821.76,1776.85,1775.14
01-01-2022,1816.02,2022,1,0.49999999999999994,0.8660254037844387,Normal,0,1790.43,1821.76,1776.85
01-02-2022,1856.3,2022,2,0.8660254037844386,0.5000000000000001,Russia-Ukraine War,7,1816.02,1790.43,1821.76
01-03-2022,1947.83,2022,3,1.0,6.123233995736766e-17,Russia-Ukraine War,7,1856.3,1816.02,1790.43
01-04-2022,1936.86,2022,4,0.8660254037844387,-0.4999999999999998,Russia-Ukraine War,7,1947.83,1856.3,1816.02
01-05-2022,1848.5,2022,5,0.49999999999999994,-0.8660254037844387,Russia-Ukraine War,7,1936.86,1947.83,1856.3
01-06-2022,1836.57,2022,6,1.2246467991473532e-16,-1.0,Russia-Ukraine War,7,1848.5,1936.86,1947.83
01-07-2022,1732.74,2022,7,-0.4999999999999997,-0.8660254037844388,Russia-Ukraine War,7,1836.57,1848.5,1936.86
01-08-2022,1764.56,2022,8,-0.8660254037844385,-0.5000000000000004,Russia-Ukraine War,7,1732.74,1836.57,1848.5
01-09-2022,1680.78,2022,9,-1.0,-1.8369701987210297e-16,Russia-Ukraine War,7,1764.56,1732.74,1836.57
01-10-2022,1664.45,2022,10,-0.8660254037844386,0.5000000000000001,Russia-Ukraine War,7,1680.78,1764.56,1732.74
01-11-2022,1725.07,2022,11,-0.5000000000000004,0.8660254037844384,Russia-Ukraine War,7,1664.45,1680.78,1764.56
01-12-2022,1797.55,2022,12,-2.4492935982947064e-16,1.0,Russia-Ukraine War,7,1725.07,1664.45,1680.78
01-01-2023,1897.71,2023,1,0.49999999999999994,0.8660254037844387,Russia-Ukraine War,7,1797.55,1725.07,1664.45
01-02-2023,1854.54,2023,2,0.8660254037844386,0.5000000000000001,Russia-Ukraine War,7,1897.71,1797.55,1725.07
01-03-2023,1912.73,2023,3,1.0,6.123233995736766e-17,Russia-Ukraine War,7,1854.54,1897.71,1797.55
01-04-2023,1999.77,2023,4,0.8660254037844387,-0.4999999999999998,Russia-Ukraine War,7,1912.73,1854.54,1897.71
01-05-2023,1992.13,2023,5,0.49999999999999994,-0.8660254037844387,Russia-Ukraine War,7,1999.77,1912.73,1854.54
01-06-2023,1942.9,2023,6,1.2246467991473532e-16,-1.0,Russia-Ukraine War,7,1992.13,1999.77,1912.73
01-07-2023,1951.02,2023,7,-0.4999999999999997,-0.8660254037844388,Russia-Ukraine War,7,1942.9,1992.13,1999.77
01-08-2023,1918.7,2023,8,-0.8660254037844385,-0.5000000000000004,Russia-Ukraine War,7,1951.02,1942.9,1992.13
01-09-2023,1915.95,2023,9,-1.0,-1.8369701987210297e-16,Russia-Ukraine War,7,1918.7,1951.02,1942.9
01-10-2023,1916.25,2023,10,-0.8660254037844386,0.5000000000000001,Russia-Ukraine War,7,1915.95,1918.7,1951.02
01-11-2023,1984.11,2023,11,-0.5000000000000004,0.8660254037844384,Russia-Ukraine War,7,1916.25,1915.95,1918.7
01-12-2023,2026.18,2023,12,-2.4492935982947064e-16,1.0,Russia-Ukraine War,7,1984.11,1916.25,1915.95
01-01-2024,2034.04,2024,1,0.49999999999999994,0.8660254037844387,Russia-Ukraine War,7,2026.18,1984.11,1916.25
01-02-2024,2023.24,2024,2,0.8660254037844386,0.5000000000000001,Russia-Ukraine War,7,2034.04,2026.18,1984.11
01-03-2024,2158.01,2024,3,1.0,6.123233995736766e-17,Russia-Ukraine War,7,2023.24,2034.04,2026.18
01-04-2024,2331.45,2024,4,0.8660254037844387,-0.4999999999999998,Russia-Ukraine War,7,2158.01,2023.24,2034.04
01-05-2024,2351.13,2024,5,0.49999999999999994,-0.8660254037844387,Russia-Ukraine War,7,2331.45,2158.01,2023.24
01-06-2024,2326.44,2024,6,1.2246467991473532e-16,-1.0,Russia-Ukraine War,7,2351.13,2331.45,2158.01
01-07-2024,2398.2,2024,7,-0.4999999999999997,-0.8660254037844388,Russia-Ukraine War,7,2326.44,2351.13,2331.45
01-08-2024,2470.15,2024,8,-0.8660254037844385,-0.5000000000000004,Russia-Ukraine War,7,2398.2,2326.44,2351.13
01-09-2024,2570.55,2024,9,-1.0,-1.8369701987210297e-16,Russia-Ukraine War,7,2470.15,2398.2,2326.44
01-10-2024,2690.08,2024,10,-0.8660254037844386,0.5000000000000001,Russia-Ukraine War,7,2570.55,2470.15,2398.2
01-11-2024,2651.13,2024,11,-0.5000000000000004,0.8660254037844384,Russia-Ukraine War,7,2690.08,2570.55,2470.15
01-12-2024,2648.01,2024,12,-2.4492935982947064e-16,1.0,Russia-Ukraine War,7,2651.13,2690.08,2570.55
01-01-2025,2709.69,2025,1,0.49999999999999994,0.8660254037844387,Russia-Ukraine War,7,2648.01,2651.13,2690.08
01-02-2025,2894.73,2025,2,0.8660254037844386,0.5000000000000001,Russia-Ukraine War,7,2709.69,2648.01,2651.13
01-03-2025,2983.25,2025,3,1.0,6.123233995736766e-17,Russia-Ukraine War,7,2894.73,2709.69,2648.01
01-04-2025,3217.64,2025,4,0.8660254037844387,-0.4999999999999998,Russia-Ukraine War,7,2983.25,2894.73,2709.69
01-05-2025,3309.49,2025,5,0.49999999999999994,-0.8660254037844387,Russia-Ukraine War,7,3217.64,2983.25,2894.73
01-06-2025,3352.66,2025,6,1.2246467991473532e-16,-1.0,Russia-Ukraine War,7,3309.49,3217.64,2983.25
01-07-2025,3340.15,2025,7,-0.4999999999999997,-0.8660254037844388,Russia-Ukraine War,7,3352.66,3309.49,3217.64
